{"appName":"RIDE MAJOR ","appIconPath":"dist/img/Logo.png","splashPath":"dist/img/Logo.png","packageName":"com.ridemajor.app","versionName":"1.0.0","versionCode":1,"isFullscreen":true,"isHideTitleBar":false,"titleBarBackgroundColor":"#3F51B5","isAllowLongClick":true,"isShowLoadingUI":true,"isAllowZoom":true,"isPCMode":false,"isAllowAutoplay":true,"homePage":"index.html","withPHPEnv":false,"PHPPort":57249,"isAllowSwipeRefresh":true,"isAllowCamera":true,"isAllowMicrophone":true,"screenRotationMethod":0}